0	1
24186	6122
8371	1569
22753	11867
10338	1207
6755	9444
27546	14400
1495	17324
26656	6237
3075	895
9045	13793
13017	10621
15366	13442
18963	1991
15269	20154
5172	14463
14875	13619
28650	18809
2187	5802
9692	3023
6926	20967
23790	8229
10067	605
1763	1044
25053	7634
11005	12228
19631	1223
14782	6602
4312	21603
4333	9877
16923	10477
15769	4154
13168	13763
10768	21333
23831	13455
1560	15066
25112	8070
6143	13854
7122	6590
38742	13925
21326	523
11136	791
1520	10191
4839	24130
11628	13825
19764	3859
1949	2460
11562	6152
6792	1467
11128	2513
17514	6084
6581	9426
23680	33180
966	3746
1013	3449
31912	4083
35904	17593
34509	21644
5859	19729
21430	1519
13126	19665
4422	8242
40683	6642
39225	12739
22203	11305
2123	23177
21290	6994
5372	1854
20	346
20172	21296
5914	8144
26105	12584
7724	15712
19602	11646
10202	9150
12311	241
15678	1797
14947	12918
9801	10383
1387	599
43322	14113
6809	2580
25875	22515
3788	2893
3029	11206
9386	4362
21039	19282
23044	2737
30419	32794
31004	14645
7828	18514
9420	9873
4386	10920
14711	8253
106	14650
44376	13560
13429	22569
8626	7648
4827	2526
2637	18680
15537	3227
22086	37938
21419	15258
23323	22833
12789	21305
20587	5422
34143	20108
13473	19197
2429	14486
31197	4873
4736	13226
6880	5241
21815	10010
720	19918
5505	3937
9819	7110
6028	12200
31989	6207
4852	2969
19145	766
9379	2530
6562	19309
36970	24697
20866	18055
13784	9942
11307	19587
34897	15852
6403	4534
15304	2099
30915	586
38648	11778
14967	12622
350	1109
16775	41463
24622	20103
9472	18527
1130	3844
14634	3436
21189	24572
34697	4572
4561	5272
31711	24548
14279	14350
6653	20223
11731	4724
1102	7803
6623	20609
3162	84
17394	20237
32586	2562
9892	2382
24754	6752
22632	17299
21445	4526
9239	1179
13782	8296
21448	20667
26976	2070
19011	25015
9332	998
30661	15429
19372	3940
19073	6267
37894	2657
8150	8082
20886	17745
175	2052
29121	5686
2109	988
27798	13289
19623	19508
11795	8307
10752	7971
22590	7475
28844	19149
8769	10311
18371	40906
252	843
12027	18758
10682	15082
30011	9312
25952	2802
3421	11805
21506	16937
9775	21202
10967	576
9971	6210
10959	4773
25767	8269
17688	8418
37645	10210
15778	8905
1005	1840
15740	7338
12449	10121
23610	2585
23492	13704
7425	3045
6223	8457
28506	2278
12146	12563
11889	9231
4588	10348
25880	4066
17421	16188
23389	3147
8546	7241
6061	2015
27417	24536
29263	270
12811	3010
13557	24900
14167	4858
6236	1458
2294	6150
2214	4809
25591	6300
19986	6741
28566	4888
39874	30125
27648	17909
5242	7201
20088	32766
12425	844
44420	6256
7937	18280
23985	12418
26978	1984
38167	2540
17539	1254
14913	13171
1818	2486
4475	2720
29850	8266
79	12920
12023	23437
7596	8309
16312	953
11647	146
26261	3511
22423	4319
24512	4886
20043	607
323	219
3837	5703
4782	1681
26016	10770
38432	11483
22097	133
23403	291
921	5623
5890	8153
782	22052
8440	2928
28518	1941
33077	13612
4612	13054
98	222
15623	1675
21075	11492
21110	7020
14189	3025
2662	32015
3473	5956
17582	20031
20745	10125
10341	1128
15063	8742
23158	199
9813	1683
8868	3490
3284	6843
8790	15814
693	7723
13166	1880
6383	10916
23974	5188
36580	5616
22405	20643
17898	2188
19965	3145
1971	17236
20571	20482
11286	5364
2820	408
12450	9931
24303	7349
21472	6145
11721	1091
15789	1828
29722	6781
21880	9237
28767	5920
19176	29228
21079	20888
23995	4609
25077	10535
2459	3849
1879	17912
2471	1608
19506	4293
13090	22013
22863	24840
23035	4307
2056	8419
16609	31925
40186	14373
1	37
18475	5359
6070	3523
1678	12674
11622	2173
6690	6355
6660	10793
8211	10516
13620	2176
246	973
9608	12402
15858	11991
27970	11884
20920	1917
30959	10227
4528	9626
31577	18004
16436	40377
15445	12612
29612	2871
8800	11410
17507	13948
13972	10364
39707	12573
12937	6356
2849	22176
36061	4246
1658	5992
17734	16736
7590	23536
1786	19009
11989	5879
14840	5075
2554	1848
2025	37047
11091	8521
30905	4635
25314	16202
4531	8855
29797	23417
30849	13896
911	3735
711	31817
10289	2011
17953	6050
22741	3055
40564	7247
2466	2265
2360	1875
11609	6682
4798	7514
10744	196
9655	8820
14228	15780
18525	12139
21605	21446
24870	7041
8076	218
14286	30130
28076	14624
13847	21192
40130	14984
13073	23375
34261	677
11214	12275
23256	23364
37242	6372
2640	4488
5354	17945
2757	3087
9574	1103
1982	6474
17469	8867
5790	11007
11785	9360
23724	12363
22437	10843
2712	12097
11640	1277
22002	7388
30120	2063
16247	11942
7069	2845
3361	3503
14540	22439
32012	18560
12703	2351
6055	3884
10457	4726
34620	11061
16718	10889
7512	1056
8429	24405
31892	10278
10361	19167
7483	2310
7181	11164
10209	8007
18853	2383
16463	1330
3275	15184
1485	312
22757	29664
5664	1374
33866	2870
13520	18186
3438	5942
16496	8045
40203	19762
30986	23538
21938	8018
26475	16224
30329	26157
40541	23055
17506	10159
10469	18147
10298	2724
21595	8438
6739	18637
14975	6543
349	4744
23441	22195
2869	6172
37562	10352
1873	5353
19450	4974
21354	7445
1898	1245
12930	2226
12790	3006
3679	4814
5398	5433
31345	4789
580	14592
1337	6461
130	26141
14344	4955
15297	15575
18840	2835
18823	4323
179	1187
5706	3828
9564	21688
28068	10737
10994	6749
34867	6075
6530	13022
5711	13068
2832	10692
28089	7907
5456	2261
9748	18772
26199	13184
40119	10656
3135	6528
16272	4786
5431	1121
7890	10001
715	119
1373	1108
31134	18955
17671	19135
21759	4209
7709	14392
6445	2073
27886	10180
23851	21783
6348	12614
8608	15915
39926	1157
10260	6093
43786	3931
108	17319
16796	16433
4711	18071
5837	34095
16578	11106
38714	2885
724	4081
23532	16855
24545	6286
7609	2906
16714	17153
17059	3422
29930	1003
2795	4779
10476	8233
37966	1679
20253	1905
8470	9012
10769	12507
18421	1674
20449	9544
8918	3775
10851	2746
5550	9722
552	2024
40453	8299
35023	5145
25759	5542
4972	19953
39657	10952
35398	12490
12970	11414
34742	3554
16699	5366
32597	7818
24503	20410
22608	6010
12214	2656
3632	4728
14872	2440
33161	8125
18407	9853
30290	20125
245	1765
10925	34460
14454	2192
4437	6818
4651	13688
15103	9139
17666	4601
41913	7323
4981	6918
20257	10519
71	273
1477	1564
19600	17717
5552	7673
16704	8985
8043	7317
21383	10593
34249	660
23416	23157
7712	12730
5089	20186
32171	6375
18177	3770
17348	1996
41335	2364
10419	1381
11069	1526
22536	11969
1084	5281
3159	5010
2222	1574
368	681
23774	2607
11879	11459
2670	1175
39050	2910
29947	7462
18056	19057
1791	978
12871	2939
26056	25934
18703	8022
15388	8871
41807	5742
34091	24516
23926	6118
10478	4441
16821	15140
5280	281
2096	6803
1183	569
1251	16016
2579	126
21269	19890
1208	3631
4254	3448
17580	6826
17747	20409
18396	17557
1544	18749
11935	10694
15726	8493
7756	17588
2692	3566
2047	24473
21859	2987
6195	16768
6796	662
371	4190
14078	9740
41821	14657
3371	6892
27620	28463
3971	19805
37344	14166
27608	7700
21806	19541
15384	4713
2106	9597
10161	7779
35061	4056
8791	5624
240	7009
42800	3579
6170	10071
12951	1977
30245	7891
5284	7174
24123	9799
7711	14790
5277	11336
23199	783
19417	1492
8822	8585
30220	9969
3482	11432
18275	15294
20317	3097
20241	18908
7397	8363
19692	6126
11342	3188
23566	433
20179	7413
31497	8900
117	3798
26160	13967
3003	11699
15681	1795
10723	735
299	19904
11940	2239
28151	6878
1083	1110
324	3044
12783	421
43293	6198
21833	10123
3383	9445
18079	15503
2861	2575
4977	18026
786	365
24294	9658
24821	19761
13748	8162
7877	1473
22737	18751
32899	3783
14896	298
1334	2305
3415	5083
7815	1418
27618	7582
7066	6929
30906	7012
22328	8380
15862	499
25809	15816
7561	4656
27133	19289
9985	15501
373	1220
2256	8772
8615	23846
32550	3750
22434	3150
10237	6825
20541	6350
7010	5163
14115	16069
7930	8058
21622	3500
16186	5556
10743	7716
17028	7183
18386	16162
20611	9154
6710	6219
3726	1538
22592	6481
6331	1204
30743	3319
1741	16786
10914	15447
23966	12435
24489	2905
35762	2817
1825	19000
8403	18305
738	1735
25925	21374
3197	9303
3232	630
32415	6163
44473	13547
23427	4429
1347	9921
24163	5517
7328	22074
19515	8326
595	5627
838	101
6693	2495
15589	2834
10285	9768
43481	4662
2437	11012
33970	6005
19966	8607
4068	1954
18948	859
32884	3114
24389	11570
15518	2810
9488	12987
21423	824
31593	5187
28398	15635
3946	26136
2477	13156
3626	3414
26125	2601
10291	13719
10982	3810
6859	1071
943	1736
354	438
14570	9163
18364	5539
9577	10211
157	418
9572	6835
3405	6191
15621	692
24647	13155
5647	5014
34989	13838
19876	2009
15641	19854
16707	9477
6902	5355
6687	7416
20871	12891
2487	1950
4032	3814
32773	6787
10397	15435
23526	6599
4529	8412
15069	6487
14772	8824
14128	34917
4147	4591
22364	5030
21632	3949
7355	21286
31076	22321
6651	24059
1902	478
10525	17017
18119	3470
169	140
1896	36541
11781	6886
18040	8955
1420	19350
10537	32074
28778	1236
8947	16293
12229	1154
29796	1256
4715	2918
23821	11103
4992	1240
12183	629
147	1140
13697	10270
8796	12484
13051	3068
6611	13118
21793	725
6646	4853
28483	8759
2250	9046
15752	6759
18298	4416
28748	9328
10223	10722
15376	20063
10727	7186
221	12996
28099	2237
2606	5303
23356	15362
24132	4063
8866	14656
19920	6091
7606	1633
28290	3345
3344	25648
40559	741
37181	3111
12981	2307
15565	12759
25293	10776
918	357
18636	4267
12721	4482
16485	1510
42814	16652
5460	2145
4663	669
696	7977
9719	8420
23685	3873
11838	9504
7599	812
39140	3653
8991	9524
4116	8758
13240	18409
3967	11933
10441	1616
10136	751
86	1408
2735	177
12833	12020
7357	4469
14150	2091
17234	443
16787	2118
1740	1080
17170	16637
28754	4625
20287	2334
284	1774
15174	27180
11673	28805
10427	14900
8531	535
14631	7913
6697	7168
19670	12982
20771	20319
15205	8036
7792	10898
29380	477
18281	4461
32147	19798
32747	13032
31843	7521
25222	28256
26509	8313
23471	4070
30410	1554
13142	4754
14398	5612
1943	18297
7479	9800
18492	4501
1350	17374
4024	14659
5902	2174
16688	18592
5121	1380
44208	16118
19855	4518
22042	1419
31042	15730
22068	1328
5419	5360
14030	5221
695	2252
40120	16634
14481	17251
11950	12287
29460	22206
10646	12206
1349	3158
25124	3373
21982	5462
5613	6659
22943	13313
25955	5107
20679	5166
11045	3815
1268	20580
3703	8049
5373	9041
13510	3995
2090	2523
2418	8741
5626	3479
29232	592
20468	4344
2295	2254
15046	19136
1101	14697
30305	7601
2631	5178
14706	1540
447	209
35123	21073
27736	5005
25906	9653
19589	4641
9648	7303
24358	10264
4424	14871
23326	7048
30415	2139
8612	15753
173	463
21651	5074
14987	1904
9068	9388
4106	7242
6397	2660
18645	262
27646	7219
31578	6189
900	2225
4862	17433
11881	23806
18902	7651
5356	16693
14337	5736
18453	21231
41608	6722
37064	3432
17157	18759
10859	4455
9108	277
26126	3281
7996	4796
30359	6008
43530	9741
34508	6782
8298	1311
37405	1781
6320	9242
20692	7369
11195	12748
22449	38014
29264	41762
22750	15905
5785	15908
43053	19237
3079	1000
34776	28706
11766	5546
11063	8427
27422	12406
1666	23878
7228	615
22208	10868
42853	1657
4840	6582
15460	15432
4543	1371
4764	17289
2143	2977
4261	9758
1425	7981
22754	5788
44501	4845
2095	871
1099	3121
16347	22839
1755	15849
8895	375
31760	10199
3886	3401
3419	817
9551	7361
257	1908
7478	3800
12423	17313
131	4392
3022	21268
30050	15443
25765	17926
43076	20366
2216	1133
19724	11357
10741	5766
1731	12724
6705	11397
18790	20870
12768	7404
17420	2908
41611	8551
26701	6621
7843	1539
21571	2596
2716	5247
23287	16207
7402	3782
23352	2867
15085	16285
10716	7026
15339	6933
17680	7944
2107	9569
9468	15031
4182	2882
9358	6794
10330	2789
23541	933
27693	36681
23003	40656
614	15894
18542	10080
31389	3066
33577	3230
8204	3997
15261	188
2270	8549
763	1055
51	1227
493	2363
14932	1446
20091	7075
24038	8648
31149	1549
2729	11988
1093	7611
21063	5401
8177	3756
5282	17614
38977	5839
21368	25779
3369	5115
21639	4285
13043	2072
14	149
35665	426
38862	9501
23885	5064
13591	4012
6770	6557
23461	4099
32208	7985
12024	13500
19043	12554
396	3634
15554	2633
18951	1445
10193	2388
29524	5704
1059	271
23025	11381
6821	35011
881	6946
2701	2742
2154	129
18904	18402
810	10269
8424	21769
39879	10872
5206	11445
30970	6515
4669	1563
23325	25349
2133	2113
4453	1264
12358	4197
6268	2760
12706	11854
11090	18826
1790	2713
1686	3379
34555	21247
27474	3236
26553	296
141	352
4762	28851
12085	10640
10079	6315
22899	21570
12536	12462
4908	2338
2971	8092
24711	18710
19547	21225
4376	4171
5374	2290
12780	2650
5738	13678
7500	21318
41688	12939
12242	10788
33143	6936
2208	4808
26267	19308
21298	17452
7994	1144
8436	33542
10158	164
8939	16635
30775	3018
3611	24640
31262	4305
20422	7838
17121	11560
14793	15357
24081	2714
9850	2119
9011	4093
4390	15221
9013	8712
20327	25478
7727	13344
25871	19694
6900	10268
21689	9321
5042	9750
11047	7622
17481	19492
19096	1938
6545	3166
3856	734
1365	44
10325	7637
5710	989
38877	13038
8705	21778
1533	302
10438	8417
1551	11690
19010	37334
3430	10690
14037	41478
3625	4141
4449	875
19419	20765
4976	4184
13362	5733
14877	6931
42603	1853
26481	3299
1030	5953
2881	4217
23627	1474
25345	8630
20548	8570
24045	9306
18890	17940
19884	35731
16990	19375
1043	559
37627	12115
20080	10796
16531	8509
5289	4500
6004	690
5852	4348
4772	7279
9579	11208
34176	4558
15837	27425
7594	8892
8335	14754
11412	3267
34506	4549
3650	4700
29610	8339
15596	2309
19056	11003
4118	4396
8199	19704
13538	3343
14668	907
16349	20110
89	123
21926	28350
4570	13830
29222	11842
14780	10947
1952	22075
7482	19654
5190	23374
5693	13866
1159	976
18206	9902
5932	10096
32571	20145
30234	17709
2075	719
25078	14269
41111	3589
5915	13835
31194	9614
28232	3411
11018	24667
8142	10251
22786	3845
10068	14467
10066	951
42184	15473
26644	422
38765	12787
40001	18771
12318	987
4354	857
14132	532
4144	6231
16382	19101
11104	3658
10484	6982
19238	11438
2964	5288
667	113
20135	4221
19329	11556
10232	5943
36175	7135
1601	8913
15601	2293
3866	13727
23598	23623
4906	10351
5937	999
15439	3283
1407	21062
36206	334
1132	22026
12774	3868
33899	11064
105	351
1590	1032
39985	230
10165	3122
14549	14038
19727	19680
19126	2458
11553	11189
3280	12964
11340	1282
34900	11897
11373	3036
11385	7440
25152	12367
2942	5506
27488	531
40661	3667
1628	34657
5333	21687
12327	560
24372	8994
20951	5395
13493	4579
16650	2915
4025	39132
5157	3674
15823	6404
44076	15444
40566	15529
4211	2218
28039	36856
24899	2014
1913	23242
776	527
22404	16337
38803	11227
34583	8964
1219	1362
5278	3591
22935	23292
11716	4283
8780	11953
787	39940
14297	7118
12632	20879
3675	19249
32250	10782
20787	13141
24543	7047
22130	34118
44343	12791
12096	2325
9408	22898
1603	13258
1462	2702
26218	6805
13431	703
22105	2161
19345	13095
23272	8689
19723	3184
2563	10676
11370	15287
34629	10778
4615	28214
23853	12463
38482	2896
6570	7052
39073	15903
23718	8482
19327	7686
36058	15701
6595	1403
21604	9090
28381	10039
22648	8308
29533	9348
23188	17069
20199	8109
839	16123
23001	5314
24849	17567
9518	2281
3894	4366
29436	9006
20109	10695
32444	13635
1326	948
18673	10135
11853	9490
19753	5700
24102	7811
44442	17972
38008	6251
8360	9286
20425	2306
20833	2131
19283	7620
7131	20459
6368	1189
26932	37508
31098	19829
15784	21040
15571	4043
2787	5823
30962	9580
13776	6354
7718	2728
14499	9867
4127	902
10387	7137
13703	5466
18511	809
23053	7058
6725	5138
41328	1468
238	1521
9711	3592
18847	15927
21210	4045
35928	10091
1146	1632
1820	1317
14148	19853
2745	2155
6572	18487
33706	13726
12797	20792
14696	10124
13408	5670
13256	7342
25519	14378
7196	5253
500	14474
19849	22503
6591	829
13595	6399
40383	8586
23402	36380
13565	1452
15467	6443
15262	412
20244	25247
10658	5622
2235	21273
1770	8033
2247	9764
16627	10976
8542	5632
2895	2629
23421	4987
40462	20255
423	491
24012	23593
317	1004
31851	3806
4329	8305
5418	6017
29049	25211
2452	8969
19521	801
4799	526
17014	2381
8001	13917
16133	417
7946	21300
26303	12365
28050	5813
3813	1106
4225	1688
3683	1405
7381	13943
5973	12542
42069	21163
30479	8434
30647	7344
9881	12998
15043	2071
1025	16487
8695	5968
26643	7302
38080	6940
5294	13687
40273	6890
1338	4560
18709	13467
20736	23736
8666	17015
15136	17202
2402	638
11317	6589
22018	12983
23702	17257
5276	34952
26215	5054
11749	6920
378	30267
7464	17854
8467	5322
4004	22406
25802	17653
24172	3965
13237	3262
27029	2763
11990	5033
19802	15206
1024	2419
11801	407
16902	2153
15078	13526
12271	2013
24452	22794
2689	7354
2862	3224
17450	5176
13597	7253
22386	8661
10572	15372
1415	14849
18098	7283
4119	13468
7579	4343
4787	4442
15218	10195
30103	13200
9446	15792
10176	2082
2489	391
1602	3829
32867	4551
26212	21995
17850	5231
2769	4466
27016	25087
6009	9710
13345	5316
22495	21521
18310	6006
28311	42497
19273	5565
9267	15942
34668	25216
6408	5434
11675	17012
14125	8167
5560	21403
19730	2771
19199	14246
8500	13554
15898	1673
12772	2421
15165	7909
10736	1488
20446	2718
24425	12911
4273	12829
1278	6715
15958	10354
5245	2445
11820	8884
32139	24355
11094	14787
1642	9126
20496	2166
17045	17792
18986	2474
7143	8484
26243	22862
21871	18107
8336	17136
41562	11149
24591	2856
12726	705
23490	1643
17089	1476
1925	15723
33307	6791
6721	13715
1721	7442
18644	1169
430	210
20647	5983
14264	10294
14019	17962
11727	7007
4747	2963
6040	1079
11057	19456
26506	16978
17290	18318
18008	7752
11280	137
3347	3143
20441	9032
26730	2462
261	2652
25183	18573
23708	20417
55	152
44203	1288
26145	11751
26283	18217
6737	5442
32380	25886
4818	19732
24616	14032
11898	5964
10754	5310
9443	25570
16295	5379
15108	9230
12633	15309
5728	6038
14826	9215
26371	14165
4916	3759
38767	13551
3263	641
37106	1453
13	48
6071	3259
26904	13087
19338	3958
9872	1517
24226	9910
25806	8385
1648	1836
28938	24155
9661	659
2308	683
19389	16841
26011	14532
28432	20002
1545	697
5008	6916
6275	22687
7501	13394
28315	11460
5154	15192
21277	16600
5741	5046
18332	3396
20626	22646
3005	8460
5173	6202
23381	17146
6708	962
10876	13386
31300	37016
42856	16912
102	97
5916	3851
34781	10566
12533	5777
28568	6398
4698	2122
31263	8086
9249	6470
14083	12302
3739	3207
4346	767
8890	3648
35777	11204
9262	11513
27670	3972
3466	7893
17078	5212
370	8026
30776	2571
18092	1698
6119	2674
10663	19141
22170	5863
1749	12338
8015	1843
2889	1581
21158	7351
31384	7414
14781	16517
24222	849
15631	4450
1327	8035
1217	3059
5957	10461
28647	16498
44493	4414
10514	2924
34720	4562
37342	717
43675	749
657	103
23087	5835
34926	9734
25376	10857
16808	19100
14556	4771
2030	23211
22861	18669
15581	8097
4907	2245
12835	5948
22850	8717
634	730
26679	38299
13894	636
22382	10040
12411	15865
6480	10214
14935	1685
550	1410
5869	3644
5219	10329
7853	2059
12284	12382
25459	7714
2463	3328
2291	2956
10827	4035
5955	2786
31106	22731
8507	11565
20463	16049
1363	11088
22620	5114
14999	250
25964	16108
27218	18354
22160	13760
769	1197
36064	6943
33210	1963
23546	37624
12630	5821
151	2050
42715	13786
16173	24200
23952	11187
44363	3090
941	2620
2180	8350
14648	22808
19604	1047
28023	19397
28406	2282
25261	10107
22129	9729
4157	7772
10789	10581
10380	6361
29748	10233
25227	15972
37354	10624
9869	21686
24814	3725
7554	1745
15506	3707
39598	7830
37557	7685
8431	8959
9776	4382
36828	3869
18601	19478
32824	25210
6139	1424
8489	1321
21143	17218
10426	2428
22805	26083
32647	1979
4988	731
8734	10951
33070	770
22653	14694
23286	12163
21324	2920
3823	3932
35581	5230
17821	5753
20751	4047
13544	1824
39486	6169
11695	11563
16951	4064
21456	452
15533	8540
40995	13480
588	200
16574	1862
6380	20819
4885	760
8136	2221
2020	1400
43473	10710
11968	7148
24284	16225
5990	18418
56	1767
21485	515
21497	12238
1878	6420
18569	6177
33825	16365
12880	13120
34389	9762
12688	16742
12316	4676
66	6018
20770	12138
7469	5735
6978	16200
7645	9424
36477	15059
35364	26407
44245	5978
22856	10192
11515	3760
4620	14312
6389	4550
480	266
26041	5328
43078	18145
10803	936
43	148
20519	4046
5884	5991
35259	29773
11311	668
18622	18058
10909	6695
33278	7313
20674	15705
18170	6594
419	9789
24963	29471
29283	5025
21232	5644
24239	7190
30883	25020
7726	6802
30719	12611
43753	27072
8633	15957
8020	4768
1302	40617
15139	2591
11331	4065
36254	31322
12458	1511
35327	18545
5194	3041
17770	21642
15425	9635
26084	12177
1199	20904
27682	6877
4400	3934
12701	7245
33000	4945
6574	4688
3510	23204
7725	2003
930	21353
29817	10974
13828	5365
24134	470
14425	25326
182	8807
946	14307
14841	8388
16282	16876
18157	1384
3985	313
33084	779
3067	21816
44307	13751
34771	12935
18627	17777
24823	1711
13486	4963
14109	3105
558	54
23786	3929
4952	4159
28065	6012
16	494
8589	6250
8501	1033
35864	8784
37961	11304
20251	1885
9263	6460
4859	24267
8181	20950
9757	7489
2093	7093
21238	7021
1565	24501
7730	20605
24961	1796
14619	15671
22690	4227
7057	5987
15053	3180
13172	19037
13139	6437
35242	3638
23761	19040
13633	6680
12798	11248
24573	12502
3247	2018
172	1945
23655	25932
21184	9121
15400	1454
40768	1246
5907	13548
2029	20785
31834	3541
3871	10104
14137	9596
22828	14670
4340	10582
1584	5796
6203	6456
29643	13808
28104	1487
13850	3681
24237	2646
18063	8937
5820	3048
23239	2986
32007	13002
10117	6726
14725	12103
34573	6898
20173	19326
19004	3569
11276	6190
25481	18927
399	17426
21252	1011
17526	13958
18434	972
13708	1089
11769	1104
3615	6363
6901	4255
17737	3375
1705	2500
35599	3623
8610	3289
2420	8898
8282	10248
13944	6555
3431	20542
16518	1272
11705	1470
34325	4702
17018	7602
868	17617
16454	7151
6160	8085
33557	1074
32596	10750
38159	11624
26061	8139
26802	30854
2330	7176
44647	22970
21897	12538
7527	9533
3485	8854
15092	20540
10153	6512
10964	20346
288	9695
5147	5412
2661	11216
23900	15024
13907	6644
8547	6444
12641	2215
896	5413
1588	1174
8678	12971
26178	27913
935	3126
4733	42138
25096	2590
30976	25457
3013	23160
1798	22977
841	7777
1164	1377
20161	14876
6259	1768
20467	6846
13499	5134
17067	7062
42319	7088
28806	5690
1516	4196
21140	25813
11733	269
16680	6536
22121	12934
35092	11797
23288	16078
6322	2647
18499	7099
30757	8358
23022	6919
28898	5135
11148	11364
2888	7300
34017	18864
6253	13887
814	2054
40796	8366
6336	10129
3748	1513
12941	12921
7039	9054
28680	9113
32982	3601
35657	1897
16982	8945
15264	743
28451	8881
92	348
213	2444
3231	2800
19837	7208
19686	4681
727	7769
33239	2439
21906	9603
14651	5583
24922	23770
24438	16338
1772	20192
6895	680
24397	10973
39152	20464
26899	18088
12597	24901
4102	19015
2524	20092
74	335
20279	9777
18733	2813
6814	16412
27134	13152
128	3015
6981	13291
13789	6234
3156	6719
653	127
14881	10367
4082	3321
11584	17915
4108	4133
12398	9946
17669	9251
7331	6615
10813	12030
3733	26738
11983	7223
15513	14372
28182	5960
23560	13108
9993	25474
24409	6080
22987	2858
585	1017
16610	14419
15168	10173
9279	14727
22118	22825
32452	18666
14571	13709
16755	29969
40885	9066
11360	7854
35167	44621
16747	3398
4801	4477
14022	9451
24699	9301
21567	472
31866	4986
6416	19088
14188	13684
1262	68
4361	3796
4915	4993
35521	8523
15801	21461
17005	926
17654	4224
2148	81
12039	6049
16384	3351
565	3374
23897	3465
33737	9351
34089	2749
6345	16440
893	9512
24466	17473
3358	8609
2057	20989
27504	14546
1248	2506
3341	3452
8454	5730
26510	14182
22782	861
24975	10674
21874	4313
3191	20137
1027	13011
28042	29353
90	4
5912	20386
10637	17043
15639	2043
41010	19776
9196	5931
38883	5893
21066	6848
7419	19105
40300	11772
1466	2212
333	4048
13794	12346
6090	4033
15459	14126
7652	4934
4897	17115
10919	1830
3260	3239
11902	1218
9933	36259
8311	1192
28591	7430
30463	14644
8995	958
17203	1826
16311	2593
34350	3520
13125	13010
0	88
26830	5124
1610	10563
16881	8865
9842	23574
9406	1315
7236	1614
2263	17
10452	6501
76	455
10814	32746
19749	23808
23289	15838
12354	7879
25742	1518
34773	5874
5388	4636
17204	17219
11573	6905
13871	9681
42326	6024
20652	684
27159	16410
1893	5029
30450	15878
16167	6605
3912	513
37315	7289
15	72
27201	2857
16972	2954
21479	16942
4623	3908
18401	21410
36968	2751
8359	16558
17635	20187
2703	2624
9287	2275
3542	7660
156	721
726	1926
19728	4249
37144	2833
19719	2443
2379	3323
18972	330
21656	18188
13327	23409
8029	818
2344	2807
1922	7019
4856	7678
32187	1625
27759	7406
214	1750
34744	17838
5979	544
19046	19203
6976	2045
4797	4968
19931	10700
12653	6059
5423	23037
27627	17086
12299	85
32071	10346
41554	13105
29957	12166
27737	3339
8797	21636
19229	13662
6666	6434
1131	1049
32185	9630
12044	3736
36495	7914
7717	20860
3740	11939
4751	4973
3598	4765
1312	22114
17764	20543
20537	10631
621	389
38107	3303
6712	11361
16776	4717
19618	13515
5306	19640
4105	553
22747	8720
11911	13306
32763	18129
25607	15320
42676	19718
31199	10659
16264	25861
8703	18308
21449	17578
12156	20578
13449	9389
10724	5085
20505	11888
20949	4051
6979	16292
10820	363
19976	9143
8922	23944
5855	15510
24533	5578
22837	1150
12572	6757
5264	516
652	13307
4602	13494
3471	4557
20763	12942
36715	202
26975	31752
2461	2299
24575	23861
20036	22376
8023	9773
6156	6812
11117	18872
36685	16803
758	263
41	1260
14084	1655
1596	3168
44370	6263
3568	9486
23350	12558
23106	6685
37589	20858
24461	10554
4497	5721
2204	38227
10902	1986
44661	24347
4877	8077
10404	5910
5919	1098
4621	4444
16965	4494
32294	12537
28171	4465
14911	19117
26249	10985
640	5846
613	496
16938	18626
26911	22561
688	181
12199	16701
24048	34794
22303	6338
29063	13268
154	247
19119	2157
20661	8562
6887	3367
41792	28112
32425	1621
12197	4964
11253	3618
6984	13099
15006	6229
37423	13074
13634	7740
1341	10661
2903	2257
30711	7798
1267	732
20995	2027
5236	17822
520	6841
4257	8116
25891	12566
385	380
23183	3210
19512	5098
4235	3604
4125	24786
733	309
789	5165
7224	7954
517	14685
30965	2731
8713	5487
21879	10862
31563	1225
30974	32730
14055	18965
1100	19435
44195	21533
31025	16596
5629	9652
14063	18331
3524	6108
38709	691
9951	11666
40079	27729
19330	20375
1983	10779
8182	5856
34857	18225
8149	10783
34549	25019
1852	2302
23514	19008
6272	8940
33321	25949
6260	1238
6328	17731
25991	8200
2960	9040
9369	1483
20709	17633
21936	25109
19018	15306
38869	5411
8117	4042
6944	4759
29074	20816
11398	10370
1548	6622
4563	10356
12735	13404
12503	18351
5563	20530
19142	10353
26918	10432
27216	41351
2664	4324
1215	10390
29991	17634
12511	15093
7111	2168
7742	10373
21807	7180
34606	8906
29043	2519
4175	6311
12464	13440
17327	10705
25475	5811
4041	4919
23915	8483
5934	9187
16035	1293
2706	4820
5586	9672
21818	3253
22370	34354
12494	2473
22906	1760
19012	830
3096	5908
7632	1646
35819	13859
17687	23290
1299	8524
3652	8606
10800	2026
21805	18860
16798	3157
35234	5886
15995	4639
26657	16146
4589	70
34716	22670
2231	7680
17386	7348
43765	18672
21594	7013
24605	3772
9797	12007
40379	4297
6	464
29800	4690
12005	11671
2138	435
33564	9854
2680	867
1235	8395
6867	17505
36571	13993
654	2342
20890	16201
7330	15545
33877	6149
3194	21275
617	19987
37457	13713
39606	17529
622	19773
5548	11379
19594	18461
22416	4353
476	1783
740	3433
7358	2668
8553	4828
7169	16387
30521	21869
2127	19794
19605	3572
3548	10597
19437	4253
10795	15516
11406	5870
3326	3988
18067	929
18156	1910
4360	2555
22154	8410
8788	6042
23767	9914
31814	9404
8232	1065
26143	5141
866	14247
13281	12255
9252	8248
2707	7393
5918	453
8657	6727
7595	5734
19905	9547
5725	7377
23603	13491
34429	7767
4150	4816
14249	15392
24612	328
17037	10
29678	9701
965	17938
17274	3858
23065	15127
43460	1281
604	32039
24876	24546
21923	8778
3899	1298
17423	22942
11249	13283
7671	2876
23336	4452
17230	16885
4151	15370
21990	2537
6924	1635
825	1275
4391	9164
242	9442
10867	9919
7642	6381
37007	14923
10112	1764
7759	6228
18307	10543
19234	10030
22598	13912
9878	20701
19406	14572
25398	18741
3779	456
39345	15901
5675	13360
10485	7086
26832	2603
7382	4965
20254	16395
8471	462
163	1313
20392	41700
38929	18323
20134	5218
7084	3959
10442	10687
8785	14738
11442	17712
14608	1050
6612	1376
10242	2525
7941	1172
8690	5726
9133	3672
19480	7997
17151	14130
12	362
7905	15893
5110	1694
20042	3499
628	3483
19068	3559
338	24555
3549	9505
11742	9378
24477	19979
33207	135
6390	1039
5495	10926
34754	12805
22720	1577
38033	1304
5027	1961
23834	27457
19536	12300
6335	6967
44348	9510
27107	8563
25710	22367
11039	6862
12086	15131
1478	3366
1028	10628
14973	2989
19449	1040
1845	11790
9031	8620
1491	21915
11158	8625
8636	1037
25874	5393
30355	4542
12683	12268
21389	7900
11761	7526
8980	1484
26008	14369
11380	6639
21285	9356
14406	8396
14705	12893
17741	4932
3512	4347
4805	1331
4696	2327
18566	1339
11852	2927
12491	4720
1171	2432
4671	4863
25764	9663
36599	40724
14689	13150
26403	4286
38997	1064
10119	12123
20999	1041
22365	4511
11496	11630
5784	9730
10648	20280
20258	2355
28176	10740
3051	4402
10655	842
15378	19001
12916	42052
5962	4403
3883	2080
8059	13196
19838	5295
16197	4960
467	631
24185	4135
27174	17382
24574	2110
27092	3986
18345	1232
21804	4708
36169	14545
1201	855
21342	7423
99	729
10945	3655
6464	7624
28645	1769
23854	18530
392	4020
1399	1630
24318	3352
9494	5739
903	12946
27903	1806
448	2194
5793	25620
15624	8566
27161	11297
13680	1480
14513	4599
15210	14061
31492	11670
1287	2211
33711	2367
33357	2284
1460	5437
40788	1542
9302	3704
5900	10821
37917	21993
24209	3832
13356	5031
13800	4928
31370	3607
2594	3645
16267	6164
2039	11236
14408	583
14985	4530
38948	3521
40393	5298
12288	6215
2796	1650
43069	15604
155	1955
20944	18501
747	6934
15969	8578
18526	24031
2984	10368
38	58
14199	12374
414	754
44407	23442
35840	1550
9423	12782
1392	11281
14581	8912
29708	20347
33622	1247
10388	21012
2346	1715
35395	3680
919	2058
16251	36965
34321	4668
24530	16956
23488	8851
18664	5656
16383	16970
37069	7760
7252	22735
574	4009
14437	2982
27852	3808
29334	9030
18384	18061
30483	11748
25235	4470
31086	5482
3909	1305
110	347
10274	8014
12441	4745
15709	666
34282	1149
14994	16899
44209	6465
7865	4095
15616	7119
19548	13445
30561	16362
15163	3238
17176	1186
3583	11199
25543	5754
20069	2185
15382	7626
21138	413
12947	36372
1921	762
22868	13730
32711	8659
11225	3290
11564	25796
41084	1409
21507	10375
43723	5381
13683	5789
16911	18378
8052	9821
17758	2184
4893	22995
22009	7732
20120	19650
8079	23164
13914	4904
12541	10551
4187	13384
13072	3914
20691	7573
18230	9349
23171	3824
10691	10940
6371	862
5127	1061
10506	7776
643	4616
11618	7049
7260	21934
8223	3408
3630	17258
13341	18075
37435	925
19573	15172
6992	7481
30452	13845
27424	6534
2792	5807
2081	233
17162	5285
30293	19041
20857	10615
18033	3034
19334	7427
3056	2655
5198	21213
5185	6376
27184	9261
1939	7962
37466	4826
6768	11421
3901	27413
41302	5665
3993	8571
23616	9521
3287	6316
21053	16124
15891	2762
16431	4433
26467	5864
8646	6520
42731	9160
17809	1461
5674	4819
7185	18390
3365	6909
38435	1691
22384	3543
4766	915
21546	19031
42452	36577
19122	1398
18791	19314
25791	5666
4943	2125
32196	1931
17100	9668
2615	3936
13312	21966
20710	12788
1210	1823
5803	3428
7872	4920
3459	12025
4029	18185
12076	8519
14680	9266
5153	1562
16977	14786
11803	14776
18723	11078
26659	1990
16303	9365
1198	658
42035	25420
13114	7055
19530	35315
33138	15402
1924	15845
25505	11616
1929	2454
19534	11262
7389	2412
13391	6137
17988	3920
12485	4000
20938	10005
2993	4655
30492	6817
16071	1515
9297	26995
5867	802
1835	1479
15886	20574
11724	4926
165	78
1439	7486
7092	1672
13426	1935
41136	9644
42251	9709
10895	2829
18824	1015
7073	118
3218	19496
11437	2883
1906	2936
3154	8220
16343	24690
37176	11478
7315	554
9645	17097
32435	8583
4028	1285
3330	1163
24761	2544
18522	9200
10598	18448
28244	21775
18762	3031
18205	5063
21304	12434
10944	5875
4156	15879
2911	807
1934	187
17992	24203
13988	19466
4237	13100
2625	7094
20435	1404
17878	10977
192	1012
14496	25354
19947	7773
38199	6858
13511	12078
8051	21096
20033	1546
9554	3072
13787	11604
10097	5077
12997	7018
15022	7155
5691	14818
15832	9590
1788	1645
21638	1325
12387	1841
18213	22422
23057	18276
21827	10157
6888	808
16199	114
6504	1865
9471	20457
13497	4982
13278	12751
15150	2358
2423	8019
12274	8093
16815	4138
3434	3942
14418	13663
19793	9233
44109	9803
2738	6490
23446	3455
36294	7209
6199	5695
2521	6870
30568	24064
20101	5822
13603	8346
626	1775
4443	19863
16897	19748
39730	13411
2805	3102
24845	9582
10049	10490
8722	3076
6166	2894
19039	4606
32660	8835
23015	5977
25558	11181
14064	9760
38615	6032
14679	6915
16569	18756
19770	13343
18113	2490
8265	4185
13718	13818
6760	12565
23742	7510
13881	13058
20373	18825
18131	5104
12668	9421
11024	11456
37303	17701
294	1651
10732	11464
19083	12906
23513	4425
1773	4998
13977	3317
4322	2926
32925	3597
9350	22395
30734	21858
22475	13180
25866	8794
23298	2816
8133	9599
1129	12251
1527	283
1206	4398
18578	5536
18193	13193
27924	8735
34630	4174
1161	5824
4969	1052
5935	9390
7291	10372
4072	6957
11501	3774
4618	5175
8810	8651
25551	3570
12117	2465
40529	4774
22015	20141
1957	15822
7808	15702
6447	827
2997	2238
12700	9467
5209	5499
18775	8975
16350	14609
6629	9169
32474	5130
806	19367
26504	3838
18095	9216
24	492
8495	947
449	864
30	1060
5183	379
22460	3494
20448	2393
25157	3801
18925	5392
25055	25890
29546	15290
3761	3918
7179	20231
22673	10548
28389	13916
34062	6174
6494	3095
38974	12371
30446	13331
21487	7948
3852	19268
2778	7684
15607	11159
11775	5631
1660	10997
2659	530
15097	24271
12452	8619
15602	14464
17572	18866
4411	22349
4140	2638
160	4674
31722	2354
16705	3065
25718	20842
5111	21565
40085	5348
42037	4103
14469	24967
10182	22614
22682	12215
894	4675
359	1887
42449	8105
8874	8276
249	178
31534	7114
24524	567
4748	1447
1181	1815
8516	2709
21785	8522
7432	6244
4665	2352
25660	16263
29017	2350
18309	12455
6816	16183
15333	1070
193	282
41175	13879
11232	8707
6340	16748
19972	21401
8639	12844
34038	12740
1057	4036
16745	10434
14102	6986
13631	1888
34	2
25473	2149
10607	14024
9546	14079
9411	17152
5290	21513
28527	1561
22484	15591
20594	21420
36530	10133
9909	7831
7520	1639
6996	12744
1340	1062
20416	3334
17130	13664
329	529
15580	1742
34255	12072
1899	2337
8215	3103
41606	9613
4274	7431
18596	17486
16315	17243
26631	9274
33532	1654
36235	3692
23432	2719
31874	2622
4492	7281
5391	7164
25763	9427
14267	38701
16046	2825
30215	9632
11941	7868
7535	9387
4849	1368
26635	10970
22020	3190
11035	2958
21227	2242
7794	2673
28871	1985
3082	7124
25864	11172
18519	13711
17752	10686
39545	4835
5213	7687
7538	22840
23615	23112
10547	2322
37724	14821
19158	3840
25218	19584
1802	5270
4516	376
15539	44585
17694	8880
882	11191
17740	10833
7280	11469
4763	4454
39043	27978
2396	12052
6100	1859
15904	21557
30782	537
25973	15666
23212	24420
30111	6110
13992	17690
19399	8108
14890	2561
33286	3417
12685	916
31842	9678
22582	2152
3397	5980
7081	1667
3922	15070
16281	5715
30259	9513
26751	9064
3203	7957
5208	17241
9403	7545
12595	22463
19075	25961
3833	4188
2349	8390
20556	1762
20461	5137
38144	4022
2328	1951
10530	11672
2469	1401
13398	18356
21877	23102
13941	2654
14335	1827
6161	11272
5659	21728
15029	29714
17784	1732
2400	4456
19945	22375
15080	20082
22466	10850
26270	2581
40	1067
15869	14006
4679	3017
1116	646
3805	4476
8747	2522
9616	6763
4912	366
4460	5984
30777	13653
30934	6955
31936	13904
820	1901
22485	2317
17724	7809
7790	3802
14839	10606
6418	12483
14250	1989
23594	4590
24919	7205
6738	3039
6388	14675
16483	23740
16860	4622
9366	4378
8670	22876
37463	8332
17342	5156
5817	21504
5021	7304
303	1009
11916	7863
19490	1837
29110	3402
4121	897
4193	248
17282	1727
17311	26451
27559	4496
23791	6123
12837	7950
9558	9688
10939	1501
24747	10252
16441	7649
40398	4345
5567	14195
1429	2251
259	450
4272	8650
29699	2341
14880	15194
15493	3151
723	12599
35238	5518
23596	19129
12922	11062
1894	17779
29784	1927
15914	9151
19716	3316
27366	11658
5812	901
19290	6362
8494	5100
10400	4871
8545	23081
19908	20784
6407	14256
905	2632
8634	15431
7077	14087
6274	10465
23711	13081
8593	3501
30947	9503
26483	5568
7697	13423
26697	4445
5125	3088
5410	1500
42087	1270
1383	18471
12306	2140
495	4310
20164	9491
20001	8710
11655	11255
30498	10436
17004	11266
1031	4061
27606	11122
18780	10290
8151	1849
24030	11750
9893	18896
32090	18153
24195	21766
8451	3947
38252	1042
6424	10036
16800	2347
18914	5265
2169	204
16047	23163
28019	4057
6765	7562
2182	2129
7204	2536
15587	19206
1323	6011
12033	6187
25992	6885
21261	3881
9347	6304
26112	19453
17378	14746
30034	2200
5267	23565
34535	949
7816	14174
26827	7835
6822	13056
25226	5136
22341	15481
44514	8719
35748	20504
6788	16706
20813	21025
32936	3400
4975	1176
3021	2411
10708	1595
2946	8504
27444	16141
17451	8930
7125	2476
34802	13721
1739	2812
220	3975
34077	10055
14366	25028
33198	287
39175	23661
30537	21631
15454	3378
35082	2371
3504	23146
25856	4341
16612	403
17057	7498
27112	620
16059	10282
17024	7401
5699	5938
22755	8188
3325	6141
4266	608
1976	954
7132	3576
17192	16030
11403	1832
16326	2934
1699	3571
5922	11730
2699	1434
440	21626
13271	10015
17468	25355
41635	956
3336	12608
19032	5275
18855	10683
5818	8374
3182	13453
18507	11168
39026	36081
1793	581
14216	18006
3169	7628
22748	41746
5018	11066
6889	9159
19198	1636
10672	13519
4220	4490
32176	2318
35938	6884
7544	7024
7744	2848
579	1531
8579	6422
8389	7610
311	6326
1890	15273
44366	25090
30185	8595
663	1152
20697	2639
8660	13851
15274	10635
158	836
29269	6035
1594	1661
16756	285
9088	5023
33242	10864
31908	5019
25454	20381
22268	5394
4953	27687
4634	2041
31094	13402
8175	10660
1833	2028
14957	4139
2210	8839
14389	21703
11448	24074
1286	2304
20064	15499
16527	5947
33947	2552
19738	4223
19574	16129
21848	2369
18415	12351
4896	3474
7322	9288
44093	2277
25229	15954
38091	4559
3892	12142
13739	14769
18561	13228
9887	4451
6701	8303
336	96
4179	1618
13659	6029
7163	4950
33651	3578
6226	3171
16497	10884
20581	3981
9720	4804
1213	4426
13576	14518
12794	1385
28612	13820
9553	8748
21126	3817
23468	5696
4645	4507
12841	8556
17056	904
2770	1834
9977	5814
40584	5596
1882	8987
26579	6625
8954	877
5168	5222
8334	10517
15358	6531
7676	8976
21413	3437
28947	10139
6095	8241
9683	3237
16570	8222
342	153
29004	19649
24834	9696
504	969
15970	26013
29047	12966
28359	19768
23038	21396
20004	27740
10472	13605
18427	11929
27890	2207
300	7820
24765	42664
5743	2276
14391	8966
14816	10799
33487	8327
8527	1010
1761	17863
31889	4321
27257	21484
29250	3616
2907	8089
17532	3241
9705	12013
36145	1173
26352	21606
32504	15476
29080	11314
5833	2062
13381	5544
4359	1948
1884	528
6663	7507
29611	2548
35410	2301
4385	1677
21148	7955
2097	3561
235	1953
29148	12766
37846	2912
41872	27330
39828	20498
4198	10481
3386	4941
2401	525
23533	12864
16818	8300
27068	8083
39196	4308
1585	8224
21392	1261
7885	8345
23682	16636
14040	11080
8864	10206
3861	215
23128	19725
29543	12477
9717	11550
17797	6262
6556	12606
6559	10954
1348	934
14508	8301
18034	1250
19926	17976
17026	41210
6048	9575
1912	6754
19259	400
39034	5828
7222	6279
1437	2031
436	2100
1001	6604
33754	3930
4381	1800
9703	3514
35048	16420
162	176
17631	26093
15356	3033
466	1570
20318	9725
12749	6220
13077	8529
4781	8680
17093	8927
22245	23965
35292	9089
7454	8364
18030	4110
23789	7699
15134	12756
29689	10473
3923	3730
39	1502
5249	977
1490	10529
21306	1994
13897	7221
2375	16435
42090	5630
25706	10374
19464	10460
4085	33184
5041	31127
587	6856
27182	3773
22963	13749
15610	11180
9743	16954
34172	4600
21542	1712
2922	7564
7694	2230
33868	13234
37763	4180
1907	236
16038	22472
15369	15403
6073	950
4683	8005
1082	6511
19554	3564
8373	21708
17325	3777
1524	211
23140	851
15495	2158
991	7704
4421	5232
5271	7766
18585	1078
22024	7880
6162	22234
63	3
21773	5000
43857	10324
2965	6600
27477	25655
20615	5122
28586	2142
23455	17077
2087	11026
10611	7472
3381	19086
1224	4537
6834	1205
4100	20350
7455	7788
23165	8649
28878	25969
5513	7802
15962	22346
22759	6649
24168	8732
36158	11143
16958	21753
7633	3252
4195	3734
12037	18805
9107	13049
14012	10948
6016	23060
22807	27105
1279	12056
13444	17437
8756	7458
42174	27082
32906	8261
7993	17006
21196	23840
2814	3146
11477	1965
21297	10008
33639	21501
10094	923
33013	24831
15295	10075
5857	9453
1440	3464
6696	8302
24675	4785
16975	10443
832	4776
8846	7387
21888	39608
11906	10486
19648	21418
24291	5662
8372	4844
13681	3507
7270	4867
5509	1801
9223	22277
21288	3399
13702	11294
24238	23857
4900	21170
16148	3876
22257	23268
3720	5669
9103	9794
28472	19638
17730	8776
679	225
485	7450
17923	23729
6728	13187
5143	4080
12125	8808
28376	831
4483	4379
5851	15772
7457	1696
26247	344
20476	6723
5459	1018
29667	25855
14368	9698
12207	2089
2966	5471
18946	3941
11519	38310
12691	2696
29234	13809
18266	655
16156	1871
14106	10308
42802	5694
1006	1680
35213	9679
15987	1046
19689	22451
17388	23462
139	746
3318	12576
11384	3189
38881	3435
40202	14222
2446	2704
23197	10742
13607	272
27744	3600
879	821
36410	13834
24915	16649
6027	4485
6561	10054
8080	260
9566	24700
3391	2739
10861	10848
4369	8836
7461	8095
32964	384
682	886
707	21130
8992	13093
3742	5971
31660	1664
3776	4944
20940	11566
30924	3093
37806	26344
17408	2852
21380	5013
14917	5051
6829	6426
501	93
383	446
27520	7805
6000	19147
27667	3128
2036	6718
11011	6218
21876	2067
13609	11321
20907	4420
25489	13860
25619	2190
20628	6088
24145	7934
13644	4368
12657	5541
3619	7333
16511	13308
19152	12545
27656	2975
355	11
32926	12901
19284	6285
43948	4829
22134	5336
40169	26746
32790	4117
1002	761
38398	4239
5385	3539
11701	2356
12574	2101
7487	8475
9290	4627
9478	4269
33961	2801
36963	2246
17119	21156
15747	7175
8914	8168
22736	6200
12392	15944
10299	13686
8872	8925
14194	5572
9896	18702
40921	21627
9728	21598
584	1123
4439	9035
1314	21119
10998	12677
960	5086
6051	1126
10832	1390
22352	2683
23671	2923
26184	12943
25458	4729
11894	30198
40329	3406
11576	18926
18819	8971
483	6180
41372	12379
9687	2205
11899	4383
24789	406
9964	14119
13803	42317
3581	14229
34705	16373
8592	2841
15117	1652
7733	5246
6307	1087
2775	8503
5829	23191
14374	11258
20675	5071
26625	7437
21339	6054
30826	4088
21838	10805
4583	3916
14846	22886
19137	1525
8668	7940
41358	7641
15424	756
31367	22985
1813	3173
19910	21074
20230	1193
3332	18076
7943	17600
11200	11822
32503	5878
1432	6041
6573	4891
24384	7797
27909	6529
20143	6414
1257	3565
27775	13210
75	212
29332	1493
30870	19182
11788	737
4023	4788
11193	7123
43391	6033
7207	4884
2921	1364
5204	4277
1249	9753
10072	3606
20775	7795
30096	21338
14641	17277
40031	2944
32522	6772
14865	18562
996	4468
8687	876
289	3294
402	2268
42199	18558
29248	23608
20059	8198
13383	5877
4406	3335
1088	386
43246	1980
32276	3863
3529	3327
9346	3214
10938	22680
6302	14060
15271	7213
12535	2634
2223	9292
2147	1575
542	563
3268	7572
34386	10725
8034	4001
5836	3298
6667	4358
17559	18017
31380	11654
11028	13570
208	9699
15145	6435
31821	7232
17310	7635
25064	13288
35257	6789
36063	3475
7177	13361
2499	7102
7003	2479
28235	30855
13956	1322
3696	5287
27640	17585
23884	3528
31569	23082
30079	26636
12936	25666
778	19161
10178	6839
14147	12638
21751	16546
16729	2112
6527	1094
25472	3175
13027	9754
852	473
7789	9659
2274	1134
82	591
32690	7887
12570	884
11292	5520
19114	5795
38979	1497
4598	1076
12102	16091
7060	3628
80	2616
9372	24912
27244	17397
593	8391
11682	20343
21870	13586
